{
  "apkFileName": "点击_valpha_0.2(1)_src.apk",
  "PackageInfo": {
    "forcedPackageId": "127",
    "renameManifestPackage": null
  },
  "doNotCompress": [
    "resources.arsc",
    "jpg",
    "png"
  ],
  "compressionType": false,
  "sparseResources": false,
  "version": "2.4.0-240908",
  "sharedLibrary": false,
  "VersionInfo": {
    "versionName": "alpha 0.2",
    "versionCode": "1"
  },
  "UsesFramework": {
    "ids": [1],
    "tag": null
  },
  "unknownFiles": {},
  "apkFilePath": "/data/app/~~iFgm_bOB-X00FM2jjFSpjw==/appinventor.ai_me.a16-shcpgCI5DPsyzC31ado2_w==/base.apk",
  "isFrameworkApk": false,
  "sdkInfo": {
    "minSdkVersion": "7",
    "targetSdkVersion": "31"
  }
}